Model,RMSE,MAE
Linear Regression,0.9577478450173703,0.393483480940159
Random Forest,1.332766637024152,0.6792413043135567
Gradient Boosting,1.2829002692440217,0.6330754520942266
Ensemble,1.305705293704453,0.6533136214108572
